company, position, location, link
Art Blocks, Data Engineer, Worldwide, https://remoteok.com/remote-jobs/remote-data-engineer-art-blocks-201880
DeFiner, Data Engineer Intern, Worldwide, https://remoteok.com/remote-jobs/remote-data-engineer-intern-definer-199886
Braintrust, DevOps Engineer Freelance, Latin America, https://remoteok.com/remote-jobs/remote-devops-engineer-freelance-braintrust-199343
Stellar, Senior Backend Software Engineer, Worldwide, https://remoteok.com/remote-jobs/remote-senior-backend-software-engineer-stellar-198342
Epsilamic Solutions, Associate Full Stack Developer, üåè Worldwide, https://remoteok.com/remote-jobs/remote-associate-full-stack-developer-epsilamic-solutions-197082
Braintrust, Software Engineer Search Matching Team Freelance, Global, https://remoteok.com/remote-jobs/remote-software-engineer-search-matching-team-freelance-braintrust-195261
Status SNT, Senior Rust Developer, Remote (Worldwide), https://remoteok.com/remote-jobs/remote-senior-rust-developer-status-snt-194741
Coinbase, Push Payments Analyst Payments Risk Operations, üá¨üáß United Kingdom, https://remoteok.com/remote-jobs/remote-push-payments-analyst-payments-risk-operations-coinbase-194719
Latoken, Head of Trading, Remote Worldwide, https://remoteok.com/remote-jobs/remote-head-of-trading-latoken-194221
Latoken, Sales Manager, Remote Worldwide, https://remoteok.com/remote-jobs/remote-sales-manager-latoken-194214
Trail of Bits, Security Engineer Open Source, Worldwide - Remote, https://remoteok.com/remote-jobs/remote-security-engineer-open-source-trail-of-bits-194219
Galaxy Digital, Associate Software Engineer GDM, Worldwide, https://remoteok.com/remote-jobs/remote-associate-software-engineer-gdm-galaxy-digital-193227
Latoken, Product Manager LATOKEN, Remote Worldwide, https://remoteok.com/remote-jobs/remote-product-manager-latoken-latoken-192714
Binance, Risk Quant Manager, üá≠üá∞ Hong Kong, https://remoteok.com/remote-jobs/remote-risk-quant-manager-binance-192723
Upshot, Machine Learning Engineer, Worldwide, https://remoteok.com/remote-jobs/remote-machine-learning-engineer-upshot-192210
Braintrust, Backend Python Developer, Global, https://remoteok.com/remote-jobs/remote-backend-python-developer-braintrust-192222
Braintrust, Senior Full Stack Engineer Freelance, Global, https://remoteok.com/remote-jobs/remote-senior-full-stack-engineer-freelance-braintrust-191723
Qredo, QA Engineer, Remote - Sliema, https://remoteok.com/remote-jobs/remote-qa-engineer-qredo-190705
Enya, Senior Full Stack Developer, Worldwide, https://remoteok.com/remote-jobs/remote-senior-full-stack-developer-enya-189210
Lemon.io, Full stack Developer, üá™üá∫ Europe, https://remoteok.com/remote-jobs/remote-full-stack-developer-lemon-io-188824
OpenCraft, Senior Open Source Developer & DevOps (Python/ Django/ React/ AWS/OpenStack), Anywhere in the World, https://weworkremotely.com/remote-jobs/opencraft-senior-open-source-developer-devops-python-django-react-aws-openstack
Proxify AB, Senior Python Engineer: Long-term job - 100% remote, Anywhere in the World, https://weworkremotely.com/remote-jobs/proxify-ab-senior-python-engineer-long-term-job-100-remote
Trustworthy, Full Stack Software Engineer (React / Python), Anywhere in the World, https://weworkremotely.com/remote-jobs/trustworthy-full-stack-software-engineer-react-python
Input Logic, Python Developer, Canada Only, https://weworkremotely.com/remote-jobs/input-logic-python-developer
Doximity, Python Platform Engineer, Americas Only, https://weworkremotely.com/remote-jobs/doximity-python-platform-engineer
